,Unnamed: 0,0_RfR 0,0_RfR 1,0_RfR 2,1_RfR 0,1_RfR 1,1_RfR 2,2_RfR 0,2_RfR 1,2_RfR 2,3_RfR 0,3_RfR 1,3_RfR 2,4_RfR 0,4_RfR 1,4_RfR 2,EWS_DaysToThreat,A.1_DikeIncrease 0,A.1_DikeIncrease 1,A.1_DikeIncrease 2,A.2_DikeIncrease 0,A.2_DikeIncrease 1,A.2_DikeIncrease 2,A.3_DikeIncrease 0,A.3_DikeIncrease 1,A.3_DikeIncrease 2,A.4_DikeIncrease 0,A.4_DikeIncrease 1,A.4_DikeIncrease 2,A.5_DikeIncrease 0,A.5_DikeIncrease 1,A.5_DikeIncrease 2,Expected Annual Damage,Dike Investment Costs,RfR Investment Costs,Evacuation Costs,Expected Number of Deaths,Total Costs
1,1,0,0,0,0,0,0,1,0,0,1,0,0,0,0,0,3,3,2,2,7,7,0,7,5,7,3,4,2,10,3,3,368210.3910345233,591590387.2756399,151900000.0,29.444865211134925,6.482583909351065e-05,743490416.7205051
8,8,0,1,0,0,1,0,1,1,1,0,0,1,0,0,0,3,1,3,3,7,0,0,4,3,0,6,4,2,10,4,0,0.0,391794203.2910311,515700000.0,0.0,0.0,907494203.2910311
63,63,0,0,0,0,0,0,0,0,0,1,0,1,0,0,0,3,7,0,2,7,2,0,7,6,0,5,1,3,9,3,0,1071302.6116298274,439776806.2590295,242400000.0,85.59079411211722,0.0001891505441579,682176891.8498236
64,64,1,0,0,0,0,0,1,0,1,1,0,0,0,0,0,1,5,0,5,7,1,0,6,3,0,6,4,2,10,0,0,0.0,393405796.4784498,267200000.0,0.0,0.0,660605796.4784498
69,69,0,0,0,0,0,0,1,0,1,1,0,0,0,0,0,2,5,0,3,7,1,7,7,4,0,6,3,5,10,0,0,0.0,485335770.99574697,182600000.0,0.0,0.0,667935770.995747
